,rank,title,url
0,1,クリスマス - Wikipedia,https://ja.wikipedia.org/wiki/%25E3%2582%25AF%25E3%2583%25AA%25E3%2582%25B9%25E3%2583%259E%25E3%2582%25B9
1,2,【平成最後のクリスマス】男女別の「欲しいプレゼント」＆20代カップルの ...,http://news.livedoor.com/article/detail/15701556/
2,3,クリスマスとは - コトバンク,https://kotobank.jp/word/%25E3%2582%25AF%25E3%2583%25AA%25E3%2582%25B9%25E3%2583%259E%25E3%2582%25B9-56856
3,4,クリスマス のニュース検索結果,/search?q=%E3%82%AF%E3%83%AA%E3%82%B9%E3%83%9E%E3%82%B9
4,5,クリスマス特集2018 | ニトリ公式通販 家具・インテリア・生活雑貨通販の ...,https://www.nitori-net.jp/store/ja/ec/feature-xmas
5,6,クリスマスケーキ2018 ｜ シャトレーゼ,https://www.chateraise.co.jp/campaign/xmas
6,7,光のクリスマス｜イベント＆ニュース｜ハウステンボスリゾート,https://www.huistenbosch.co.jp/event/hikari/xmas/
7,8,back number「クリスマスソング」が切ない恋心を募らせる 主演には白石 ...,https://www.youtube.com/watch%3Fv%3DdxUQGxSypMM
8,9,クリスマス特集2018 - モロゾフ オンラインショップ,https://shop.morozoff.co.jp/contents/xmas2018
9,10,ディズニー・クリスマス - 東京ディズニーリゾート,https://www.tokyodisneyresort.jp/treasure/fantasy/christmas2018/tdl/show.html
